{"elapsed_tokens": 65191424.0, "elapsed_examples": 200192.0, "training_loss": 0.0050333085738185, "training_sequence_accuracy": 0.6015625, "training_token_accuracy": 0.6015625, "validation_loss": 0.0049838550223992, "validation_sequence_accuracy": 0.6328125, "validation_token_accuracy": 0.6328125, "_timestamp": 1683563360.0679731, "_runtime": 1.1645011901855469, "_step": 782, "fine_tuned_model": "ada:ft-personal-2023-05-08-16-25-48", "status": "succeeded", "classification/accuracy": 0.6610000133514404, "classification/weighted_f1_score": 0.6594344575370261, "_wandb": {"runtime": 58}}